t_min,dpitch_ulp_deg,dvol_ulp_m3,dpitch_golden_deg,dvol_golden_m3
0,0,0,0,0
1,7.454425034680117e-17,2.544908728197015e-13,0,0
2,2.3605679276487037e-16,5.790923296444817e-13,0,0
3,7.609725556235953e-17,5.009326287108706e-13,0,0
4,0,3.232969447708456e-13,0,0
5,1.2424041724466862e-16,4.547473508864641e-13,0,0
6,7.454425034680117e-17,8.171241461241152e-13,0,0
7,1.987846675914698e-16,1.2363443602225743e-12,0,0
8,1.987846675914698e-16,1.2789769243681803e-12,0,0
9,1.987846675914698e-16,1.4352963262354024e-12,0,0
10,0,1.4352963262354024e-12,0,0
11,3.975693351829396e-16,1.3642420526593924e-12,0,0
12,9.93923337957349e-17,1.3073986337985843e-12,0,0
13,1.987846675914698e-16,1.4210854715202004e-12,0,0
14,9.93923337957349e-17,1.4495071809506044e-12,0,0
15,9.93923337957349e-17,1.9610979506978765e-12,0,0
16,9.93923337957349e-17,1.5916157281026244e-12,0,0
17,1.987846675914698e-16,1.4779288903810084e-12,0,0
18,3.975693351829396e-16,1.3926637620897964e-12,0,0
19,1.987846675914698e-16,1.7053025658242404e-12,0,0
20,0,1.3642420526593924e-12,0,0
21,0,1.6484591469634324e-12,0,0
22,1.987846675914698e-16,1.3642420526593924e-12,0,0
23,1.987846675914698e-16,2.1032064978498966e-12,0,0
24,5.963540027744094e-16,2.0463630789890885e-12,0,0
25,1.987846675914698e-16,2.7284841053187847e-12,0,0
26,1.987846675914698e-16,1.8758328224066645e-12,0,0
27,1.987846675914698e-16,1.9895196601282805e-12,0,0
28,1.987846675914698e-16,2.1032064978498966e-12,0,0
29,0,2.2737367544323206e-12,0,0
30,3.975693351829396e-16,2.3874235921539366e-12,0,0
31,0,2.9558577807620168e-12,0,0
32,1.987846675914698e-16,2.9558577807620168e-12,0,0
33,3.975693351829396e-16,2.1032064978498966e-12,0,0
34,3.975693351829396e-16,2.2737367544323206e-12,0,0
35,0,2.2737367544323206e-12,0,0
36,0,2.6147972675971687e-12,0,0
37,3.975693351829396e-16,2.7853275241795927e-12,0,0
38,0,2.8421709430404007e-12,0,0
39,3.975693351829396e-16,2.0463630789890885e-12,0,0
40,3.975693351829396e-16,3.126388037344441e-12,0,0
41,3.975693351829396e-16,2.3305801732931286e-12,0,0
42,0,2.1032064978498966e-12,0,0
43,0,2.1032064978498966e-12,0,0
44,0,2.5011104298755527e-12,0,0
45,0,2.9558577807620168e-12,0,0
46,3.975693351829396e-16,2.7853275241795927e-12,0,0
47,7.951386703658792e-16,3.240074875066057e-12,0,0
48,7.951386703658792e-16,2.7284841053187847e-12,0,0
49,0,3.637978807091713e-12,0,0
50,3.975693351829396e-15,2.3646862246096134e-11,0,0
51,3.975693351829396e-15,2.546585164964199e-11,0,0
52,6.3611093629270335e-15,4.092726157978177e-11,0,0
53,5.963540027744094e-15,4.0245140553452075e-11,0,0
54,5.168401357378215e-15,4.1040948417503387e-11,0,0
55,5.168401357378215e-15,4.069988790433854e-11,0,0
56,6.3611093629270335e-15,4.149569576838985e-11,0,0
57,6.7586786981099735e-15,4.1154635255225e-11,0,0
58,6.3611093629270335e-15,4.126832209294662e-11,0,0
59,7.156248033292914e-15,4.263256414560601e-11,0,0
60,6.3611093629270335e-15,4.313838175562523e-11,0,0
61,5.565970692561154e-15,3.4215075217503e-11,0,0
62,5.565970692561154e-15,3.292453809589091e-11,0,0
63,7.156248033292914e-15,3.7090414073404077e-11,0,0
64,5.168401357378215e-15,4.4150155753541753e-11,0,0
65,5.565970692561154e-15,4.495701727558199e-11,0,0
66,3.578124016646457e-15,3.520894686914744e-11,0,0
67,3.1805546814635168e-15,6.540368246987782e-11,0,0
68,7.553817368475852e-15,1.0233364156064795e-9,0,0
69,2.7483968141196613e-12,3.8584284189902007e-7,0,0
70,0.000010492682458257248,0.36554812318961494,0,0
71,0.000012021281754656612,0.6291617670907454,0,0
72,0.000010340823199859839,1.6903868744532726,0,7.105427357601002e-15
73,0.000019365305264085682,8.407029307738139,0,2.064126647383091e-12
74,0.00023557703515826085,13.293418416549416,7.951386703658792e-16,2.445954550012175e-11
75,0.00020081844232857835,10.48675163747046,3.1805546814635168e-15,1.3375789364999946e-10
76,0.00006729603148401841,2.889169360679206,3.975693351829396e-15,9.589591898340188e-10
77,0.00029479330427589594,7.726074414254942,6.202081628853858e-14,2.7333628693781975e-9
78,0.0005563971974693678,19.739849624700923,1.6300342742500524e-13,2.1715836240332465e-8
79,0.00011474065763000479,9.97441442427035,1.3525308782923606e-12,2.734107864554858e-7
80,0.0005588630953437534,21.405083209598466,4.761369872017921e-11,0.0000031110441423010116
81,0.0005380468854084108,20.38067708637864,1.0316828831356838e-9,0.00007447641176483444
82,0.00014457965596591715,9.50241066551275,1.352101988444952e-7,0.019040971426733777
83,0.00041401175005571474,14.08163974861001,0.000023926585344596504,4.140068594236167
84,0.00024279822781781308,10.269283658646946,0.0000380807761719106,7.246501750884326
85,0.0007335843838898181,19.75823328634218,0.0005448236827095588,14.772418926742496
86,0.0002828774665389674,8.187380146643662,0.00026464003682915427,8.701842420921146
87,0.00008019948476001109,8.562363670329209,0.0002689522973297648,10.009963860686355
88,0.0008298956509962478,16.855041659150913,0.0004645238883358304,13.553248741118686
89,0.00040080502537457,10.44943166966744,0.000488484947126602,10.265531622797745
90,0.0003070009423201308,7.7919803196585065,0.00037407885748069866,7.512346321757015
91,0.0005080582404162639,17.15302249700916,0.00020483246665437696,5.344864506900933
92,0.00041718887815307487,13.341306068010606,0.0006029071140597677,15.062761746541506
93,0.000013277824244466017,10.780219476992464,0.00026588372195012047,8.909226602419734
94,0.00013187947949303661,11.254273034258318,0.0003482845219200154,9.485900443717483
95,0.00044949630962406144,6.492671523731578,0.00019001089584787058,8.980520053015855
96,0.0004762593416614301,7.599823438342628,0.00027538201526148935,10.757493159795791
97,0.00012647039105481185,11.407830357361723,0.0003199440720492837,7.488813896342868
98,0.00031451866257880824,14.00941505088823,0.00020178723893946195,13.020592428577304
99,0.00000933974893414204,12.323653390245616,0.00011080124302547598,10.017430452809542
100,0.00029002392245782295,9.513616198134606,0.0004571224011386781,10.502383429555936
101,0.0003062457759259185,9.940805941437263,0.000018367414196885424,6.098582774693546
102,0.0002447578968315029,8.397205427280449,0.00038908276480770226,14.115658497935632
103,0.00007826085568008759,11.64799293237312,0.0002495792501733658,5.022882723710593
104,0.00041295494566241013,10.781909985840773,0.0005768854374630076,13.336697676761148
105,0.00023014078684803154,8.94625689250251,0.0006099223001037722,18.129974249208757
106,0.000002138462606983665,14.614872993224928,0.00008280665699409194,15.451277997874826
107,0.0006982072302973531,23.219432615793213,0.0010920031894429102,23.132398282008495
108,0.0001292051686518862,9.087870409936716,0.0007475924860663155,15.186058586661588
109,0.00045875387095707876,11.06953346313684,0.0008137423921279536,13.675608744972939
110,0.0012896566908337063,33.80896462533027,0.00021293041165194206,11.554314217283899
111,0.00006419960415042949,6.132303570658015,0.0008413815214116437,17.65576795384531
112,0.00046011854799918935,7.5883438296070915,0.0012556290244662624,23.40782242775505
113,0.0003596163443806953,11.463467037185099,0.0003761535120954544,11.776915062935382
114,0.0008379641357943816,22.14708055761092,0.00044532629306728947,18.633146025079792
115,0.0005761812123679863,18.575718039899623,0.00032769938637968897,16.953304464689733
116,0.00012963486769601692,14.611394219176137,0.00008174980251420733,10.275331534955278
117,0.00003790343073128128,7.470649478088507,0.00020294473995637746,13.424836035704429
118,0.000001262811031116174,4.820774639788489,0.0003417040866794269,10.305613444636109
119,0.0003047227286658041,9.352842169774092,0.0001122066248620596,12.066962420089943
120,0.0006260004482704968,23.937419976660443,0.00023470260720459527,9.980798187907823
121,0.00045655435054056274,16.711567584110906,0.0005608364552498786,12.184789865692014
122,0.0001595562936925748,8.116280554747611,0.0001375502340827798,8.74778086950328
123,0.00028676983759339366,14.838647445540618,0.00019460703897342173,21.27726974722497
124,0.0001788138531695216,16.448453104347973,0.0003222860143537213,22.94262239587716
125,0.0002121126569931145,34.44688890722409,0.0002789916871038095,38.71272292362419
126,0.000044646526506080066,21.174714996262498,0.00033460146573451055,16.02197100769775
127,0.0002998679155165673,15.239583568724274,0.00007678356649801233,8.705958420843988
128,0.0009778716148463587,18.438135387405957,0.0007905566125064363,43.004640952046266
129,0.0005370501071433457,15.195162630215094,0.00008021337177339947,6.874092258895212
130,0.00013634179587117902,12.822228079203425,0.000995241756678214,17.90802224192109
131,0.00021697929655467056,11.41898794694519,0.00033846297567841473,21.968280112867802
132,0.0007992765942973808,14.342818247221198,0.00044066380635486346,22.12093892050179
133,0.00023340383326002923,10.983924415927696,0.000010004533387495551,11.46614591674885
134,0.00042153228395471967,8.516528916477203,0.0006578665187483354,8.429960900048641
135,0.0007309215876720067,19.485446436124068,0.0008558710856007302,12.048329653081591
136,0.0009071959418220264,34.59910598565709,0.00024021474995595656,10.123116683887556
137,0.0004595625652723581,9.8009814367772,0.0012571489386374983,45.51026066721208
138,0.0002892955260711737,7.641167459245892,0.0013815454821146799,32.9727284111312
139,0.000530918139788886,12.786423007331898,0.00048553664756542046,27.025723896383155
140,0.0003086216363055659,21.510249904307553,0.0006379230642687986,23.36009841243905
141,0.00020420746335844133,8.315398241628923,0.00022561345867906144,16.92834742453536
142,0.0004613903123283102,11.635783633382232,0.0004744831621829206,29.891534969559928
143,0.00012815264676414078,9.792736236365975,0.00043816010893982444,11.248892728533104
144,0.0004197148242931556,6.793517652962935,0.00006880927295688847,5.910942772308968
145,0.00021752825859109443,5.31845173832704,0.00022804871836800252,9.98951656646158
146,0.0004337700874164144,7.604930521313497,0.00007591477786817194,6.997234141358215
147,0.0005439741316392647,10.38582211227899,0.000070024150775532,5.934547274372181
148,0.0005701198384941433,9.358409141004945,0.000044737599845457196,5.641459504677986
149,0.0005768246138623658,8.96105416259357,0.00004174554241652349,3.5930696656967323
150,0.000597185476203234,8.60295731897062,0.00022609881346158066,6.2918726074109985
151,0.000724660689900487,9.902711699413814,0.00019369541004756667,4.495948594714966
152,0.0012527756589305428,10.850174735657692,0.0007188251251239091,12.890469820229404
153,0.00046073248177451085,10.740229374817169,0.00008034317628083375,4.356464783099501
154,0.0005419210760409481,12.997589992311,0.00015037468405146886,15.523959498190045
155,0.005656894339781036,16.073024469782283,0.0029704242527728054,12.057564217859559
156,0.013316016389780546,22.842281141459853,0.009354888247108202,13.604515023875829
157,0.050193617760067546,21.456890682073485,0.04875140439259278,14.27300044422045
